# Espressif ESP-Mosaico V1.2, 16 MB quad NOR flash (GD25Q128E).
# The S31 bootloader sits at 0x2000 (the first two sectors are reserved), which
# leaves it 24 KB below the partition table at 0x8000.
# Name,    Type, SubType, Offset,   Size
nvs,       data, nvs,     0x9000,   0x6000
otadata,   data, ota,     0xf000,   0x2000
phy_init,  data, phy,     0x11000,  0x1000
ota_0,     app,  ota_0,   0x20000,  0x700000
ota_1,     app,  ota_1,   0x720000, 0x700000
storage,   data, spiffs,  0xe20000, 0x1c0000
